<?xml version="1.0" encoding="UTF-8" standalone="yes" ?>
<ioExchangerMgr>
    <ioExchangers />
    <dataLoggerExchanger exchangerType="DataLogger" exchangerId="27E869FD-ACA8-42DF-93A9-AFB08ACE097B" exchangerTag="Data Logger">
        <datapoints direction="in" dynamicPoint="yes" iconType="" name="log_input" numPoints="1" path="7AE29E36-4FB4-4A55-B388-0617A0E3C23D/log_input" uiName="SIGNAL_GROUP_1/log_input" />
        <datapoints direction="in" dynamicPoint="no" iconType="" name="trigger_input" numPoints="1" path="7AE29E36-4FB4-4A55-B388-0617A0E3C23D/trigger_input" uiName="SIGNAL_GROUP_1/trigger_input" />
        <signalGroups>SIGNAL_GROUP_1</signalGroups>
    </dataLoggerExchanger>
    <dataLoggerExchanger exchangerType="DataLogger" exchangerId="E22092F3-E1E1-4B8A-A2A5-2A840444330C" exchangerTag="DataLogger">
        <datapoints direction="in" dynamicPoint="yes" iconType="" name="log_input" numPoints="1" path="53C498C6-5ADF-45A2-8474-3E3A6C61FBB5/log_input" uiName="SignalGroup_1/log_input" />
        <datapoints direction="in" dynamicPoint="no" iconType="" name="trigger_input" numPoints="1" path="53C498C6-5ADF-45A2-8474-3E3A6C61FBB5/trigger_input" uiName="SignalGroup_1/trigger_input" />
        <signalGroups>SignalGroup_1</signalGroups>
    </dataLoggerExchanger>
</ioExchangerMgr>
