<?xml version="1.0" encoding="UTF-8" standalone="yes"?>
<template version="xml-scopeview-template version=&quot;4.2&quot;">
    <acqParams>
        <startingTime>0.0</startingTime>
        <timeLength>100.0</timeLength>
        <samplingRate>20000.0</samplingRate>
        <numData>-1</numData>
        <synchronized>true</synchronized>
        <maneuvered>true</maneuvered>
        <numAcq>1</numAcq>
        <continuous>false</continuous>
    </acqParams>
    <dataSources>
        <dataSource id="-1138466824" className="ca.ireq.sim.source.SimHypersimDataSource">
            <location>{host=DESKTOP-DIFI944}{display=1}</location>
        </dataSource>
    </dataSources>
    <dataSourceMacros/>
    <signals>
        <signal>
            <identifier>SM2_w_i</identifier>
            <name>SM2.w_i</name>
            <description>SM2.w_i</description>
            <category>Machine</category>
            <type>Analog</type>
            <dataSourceId>-1138466824</dataSourceId>
        </signal>
        <signal>
            <identifier>SM3_w</identifier>
            <name>SM3.w</name>
            <description>SM3.w</description>
            <category>Machine</category>
            <type>Analog</type>
            <dataSourceId>-1138466824</dataSourceId>
        </signal>
        <signal>
            <identifier>SM1_x</identifier>
            <name>SM1.x</name>
            <description>SM1.x</description>
            <category>Machine</category>
            <type>Analog</type>
            <dataSourceId>-1138466824</dataSourceId>
        </signal>
        <signal>
            <identifier>SM3_Qe</identifier>
            <name>SM3.Qe</name>
            <description>SM3.Qe</description>
            <category>Machine</category>
            <type>Analog</type>
            <dataSourceId>-1138466824</dataSourceId>
        </signal>
        <signal>
            <identifier>SM2_Qe</identifier>
            <name>SM2.Qe</name>
            <description>SM2.Qe</description>
            <category>Machine</category>
            <type>Analog</type>
            <dataSourceId>-1138466824</dataSourceId>
        </signal>
        <signal>
            <identifier>SM1_Qe</identifier>
            <name>SM1.Qe</name>
            <description>SM1.Qe</description>
            <category>Machine</category>
            <type>Analog</type>
            <dataSourceId>-1138466824</dataSourceId>
        </signal>
        <signal>
            <identifier>SM2_x</identifier>
            <name>SM2.x</name>
            <description>SM2.x</description>
            <category>Machine</category>
            <type>Analog</type>
            <dataSourceId>-1138466824</dataSourceId>
        </signal>
        <signal>
            <identifier>Ld6_Vrms</identifier>
            <name>Ld6.Vrms</name>
            <description>Ld6.Vrms</description>
            <category>Load</category>
            <type>Analog</type>
            <dataSourceId>-1138466824</dataSourceId>
        </signal>
        <signal>
            <identifier>SM1_w_i</identifier>
            <name>SM1.w_i</name>
            <description>SM1.w_i</description>
            <category>Machine</category>
            <type>Analog</type>
            <dataSourceId>-1138466824</dataSourceId>
        </signal>
        <signal>
            <identifier>SM1_w</identifier>
            <name>SM1.w</name>
            <description>SM1.w</description>
            <category>Machine</category>
            <type>Analog</type>
            <dataSourceId>-1138466824</dataSourceId>
        </signal>
        <signal>
            <identifier>SM3_x</identifier>
            <name>SM3.x</name>
            <description>SM3.x</description>
            <category>Machine</category>
            <type>Analog</type>
            <dataSourceId>-1138466824</dataSourceId>
        </signal>
        <signal>
            <identifier>SM3_w_i</identifier>
            <name>SM3.w_i</name>
            <description>SM3.w_i</description>
            <category>Machine</category>
            <type>Analog</type>
            <dataSourceId>-1138466824</dataSourceId>
        </signal>
        <signal>
            <identifier>SM3_Pe</identifier>
            <name>SM3.Pe</name>
            <description>SM3.Pe</description>
            <category>Machine</category>
            <type>Analog</type>
            <dataSourceId>-1138466824</dataSourceId>
        </signal>
        <signal>
            <identifier>SM1_Pe</identifier>
            <name>SM1.Pe</name>
            <description>SM1.Pe</description>
            <category>Machine</category>
            <type>Analog</type>
            <dataSourceId>-1138466824</dataSourceId>
        </signal>
        <signal>
            <identifier>SM2_Pe</identifier>
            <name>SM2.Pe</name>
            <description>SM2.Pe</description>
            <category>Machine</category>
            <type>Analog</type>
            <dataSourceId>-1138466824</dataSourceId>
        </signal>
        <signal>
            <identifier>Ld8_Vrms</identifier>
            <name>Ld8.Vrms</name>
            <description>Ld8.Vrms</description>
            <category>Load</category>
            <type>Analog</type>
            <dataSourceId>-1138466824</dataSourceId>
        </signal>
        <signal>
            <identifier>SM2_w</identifier>
            <name>SM2.w</name>
            <description>SM2.w</description>
            <category>Machine</category>
            <type>Analog</type>
            <dataSourceId>-1138466824</dataSourceId>
        </signal>
        <signal>
            <identifier>Ld5_Vrms</identifier>
            <name>Ld5.Vrms</name>
            <description>Ld5.Vrms</description>
            <category>Load</category>
            <type>Analog</type>
            <dataSourceId>-1138466824</dataSourceId>
        </signal>
    </signals>
    <expressions>
        <expression>
            <exp>Ld5_Vrms</exp>
            <desc>Ld5.Vrms</desc>
            <displayed>true</displayed>
            <pageNumber>1</pageNumber>
            <graphId>1193478908</graphId>
        </expression>
        <expression>
            <exp>Ld6_Vrms</exp>
            <desc>Ld6.Vrms</desc>
            <displayed>true</displayed>
            <pageNumber>1</pageNumber>
            <graphId>2081771830</graphId>
        </expression>
        <expression>
            <exp>Ld8_Vrms</exp>
            <desc>Ld8.Vrms</desc>
            <displayed>true</displayed>
            <pageNumber>1</pageNumber>
            <graphId>19305556</graphId>
        </expression>
        <expression>
            <exp>SM1_Pe</exp>
            <desc>SM1.Pe</desc>
            <displayed>true</displayed>
            <pageNumber>2</pageNumber>
            <graphId>558035033</graphId>
        </expression>
        <expression>
            <exp>SM2_Pe</exp>
            <desc>SM2.Pe</desc>
            <displayed>true</displayed>
            <pageNumber>2</pageNumber>
            <graphId>2120841831</graphId>
        </expression>
        <expression>
            <exp>SM3_Pe</exp>
            <desc>SM3.Pe</desc>
            <displayed>true</displayed>
            <pageNumber>2</pageNumber>
            <graphId>681777277</graphId>
        </expression>
        <expression>
            <exp>SM1_Qe</exp>
            <desc>SM1.Qe</desc>
            <displayed>true</displayed>
            <pageNumber>3</pageNumber>
            <graphId>496155913</graphId>
        </expression>
        <expression>
            <exp>SM2_Qe</exp>
            <desc>SM2.Qe</desc>
            <displayed>true</displayed>
            <pageNumber>3</pageNumber>
            <graphId>736380634</graphId>
        </expression>
        <expression>
            <exp>SM3_Qe</exp>
            <desc>SM3.Qe</desc>
            <displayed>true</displayed>
            <pageNumber>3</pageNumber>
            <graphId>518761347</graphId>
        </expression>
        <expression>
            <exp>SM1_w</exp>
            <desc>SM1.w</desc>
            <displayed>true</displayed>
            <pageNumber>4</pageNumber>
            <graphId>775633107</graphId>
        </expression>
        <expression>
            <exp>SM2_w</exp>
            <desc>SM2.w</desc>
            <displayed>true</displayed>
            <pageNumber>4</pageNumber>
            <graphId>650748648</graphId>
        </expression>
        <expression>
            <exp>SM3_w</exp>
            <desc>SM3.w</desc>
            <displayed>true</displayed>
            <pageNumber>4</pageNumber>
            <graphId>798155389</graphId>
        </expression>
        <expression>
            <exp>SM1_w_i</exp>
            <desc>SM1.w_i</desc>
            <displayed>true</displayed>
            <pageNumber>5</pageNumber>
            <graphId>1818686399</graphId>
        </expression>
        <expression>
            <exp>SM2_w_i</exp>
            <desc>SM2.w_i</desc>
            <displayed>true</displayed>
            <pageNumber>5</pageNumber>
            <graphId>468497216</graphId>
        </expression>
        <expression>
            <exp>SM3_w_i</exp>
            <desc>SM3.w_i</desc>
            <displayed>true</displayed>
            <pageNumber>5</pageNumber>
            <graphId>1884920887</graphId>
        </expression>
        <expression>
            <exp>SM1_x</exp>
            <desc>SM1.x</desc>
            <displayed>true</displayed>
            <pageNumber>6</pageNumber>
            <graphId>1222641995</graphId>
        </expression>
        <expression>
            <exp>SM2_x</exp>
            <desc>SM2.x</desc>
            <displayed>true</displayed>
            <pageNumber>6</pageNumber>
            <graphId>331407587</graphId>
        </expression>
        <expression>
            <exp>SM3_x</exp>
            <desc>SM3.x</desc>
            <displayed>true</displayed>
            <pageNumber>6</pageNumber>
            <graphId>1833445224</graphId>
        </expression>
    </expressions>
    <pages>
        <page>
            <name>1</name>
            <header>
                <visible>false</visible>
                <text></text>
                <font>Dialog-BOLD-12</font>
            </header>
            <footer>
                <visible>false</visible>
                <text></text>
                <font>Dialog-BOLD-11</font>
            </footer>
            <legend>
                <visible>true</visible>
                <text>[HYP1] IEEE_9Bus_autobackup_2022_04_12_03_39_25.exe - DESKTOP-DIFI944:1 - Ts: 50e-6 Perf: 1 Data Step: 1 - Real time - localhost - 1969/12/31 19:00:00.000000</text>
                <font>Dialog-PLAIN-10</font>
            </legend>
            <numColumns>1</numColumns>
            <autoLayout>true</autoLayout>
            <graphs>
                <graph id="1193478908" allowOverlap="true" className="ca.ireq.sim.viewer.ViewGraph">
                    <type>Plot</type>
                    <header>
                        <visible>false</visible>
                        <text></text>
                        <font>Dialog-PLAIN-10</font>
                    </header>
                    <footer>
                        <visible>false</visible>
                        <text></text>
                        <font>Dialog-PLAIN-10</font>
                    </footer>
                    <legend>
                        <visible>true</visible>
                        <font>Dialog-PLAIN-10</font>
                    </legend>
                    <xAxis>
                        <precision>1</precision>
                        <precisionIsDefault>true</precisionIsDefault>
                        <font>Dialog-PLAIN-10</font>
                        <title></title>
                        <titleFont>Dialog-PLAIN-10</titleFont>
                        <titleVisible>true</titleVisible>
                        <engineerFormat>false</engineerFormat>
                        <modifier>1.0</modifier>
                        <log>false</log>
                        <gridVisible>true</gridVisible>
                    </xAxis>
                    <yAxis>
                        <precision>1</precision>
                        <precisionIsDefault>true</precisionIsDefault>
                        <font>Dialog-PLAIN-10</font>
                        <title></title>
                        <titleFont>Dialog-PLAIN-10</titleFont>
                        <titleVisible>true</titleVisible>
                        <engineerFormat>false</engineerFormat>
                        <modifier>1.0</modifier>
                        <log>false</log>
                        <gridVisible>true</gridVisible>
                    </yAxis>
                    <chartColor/>
                    <notes/>
                    <lines>
                        <line/>
                    </lines>
                    <symbols>
                        <symbol/>
                    </symbols>
                    <attributes></attributes>
                </graph>
                <graph id="2081771830" allowOverlap="true" className="ca.ireq.sim.viewer.ViewGraph">
                    <type>Plot</type>
                    <header>
                        <visible>false</visible>
                        <text></text>
                        <font>Dialog-PLAIN-10</font>
                    </header>
                    <footer>
                        <visible>false</visible>
                        <text></text>
                        <font>Dialog-PLAIN-10</font>
                    </footer>
                    <legend>
                        <visible>true</visible>
                        <font>Dialog-PLAIN-10</font>
                    </legend>
                    <xAxis>
                        <precision>1</precision>
                        <precisionIsDefault>true</precisionIsDefault>
                        <font>Dialog-PLAIN-10</font>
                        <title></title>
                        <titleFont>Dialog-PLAIN-10</titleFont>
                        <titleVisible>true</titleVisible>
                        <engineerFormat>false</engineerFormat>
                        <modifier>1.0</modifier>
                        <log>false</log>
                        <gridVisible>true</gridVisible>
                    </xAxis>
                    <yAxis>
                        <precision>1</precision>
                        <precisionIsDefault>true</precisionIsDefault>
                        <font>Dialog-PLAIN-10</font>
                        <title></title>
                        <titleFont>Dialog-PLAIN-10</titleFont>
                        <titleVisible>true</titleVisible>
                        <engineerFormat>false</engineerFormat>
                        <modifier>1.0</modifier>
                        <log>false</log>
                        <gridVisible>true</gridVisible>
                    </yAxis>
                    <chartColor/>
                    <notes/>
                    <lines>
                        <line/>
                    </lines>
                    <symbols>
                        <symbol/>
                    </symbols>
                    <attributes></attributes>
                </graph>
                <graph id="19305556" allowOverlap="true" className="ca.ireq.sim.viewer.ViewGraph">
                    <type>Plot</type>
                    <header>
                        <visible>false</visible>
                        <text></text>
                        <font>Dialog-PLAIN-10</font>
                    </header>
                    <footer>
                        <visible>false</visible>
                        <text></text>
                        <font>Dialog-PLAIN-10</font>
                    </footer>
                    <legend>
                        <visible>true</visible>
                        <font>Dialog-PLAIN-10</font>
                    </legend>
                    <xAxis>
                        <precision>1</precision>
                        <precisionIsDefault>true</precisionIsDefault>
                        <font>Dialog-PLAIN-10</font>
                        <title></title>
                        <titleFont>Dialog-PLAIN-10</titleFont>
                        <titleVisible>true</titleVisible>
                        <engineerFormat>false</engineerFormat>
                        <modifier>1.0</modifier>
                        <log>false</log>
                        <gridVisible>true</gridVisible>
                    </xAxis>
                    <yAxis>
                        <precision>1</precision>
                        <precisionIsDefault>true</precisionIsDefault>
                        <font>Dialog-PLAIN-10</font>
                        <title></title>
                        <titleFont>Dialog-PLAIN-10</titleFont>
                        <titleVisible>true</titleVisible>
                        <engineerFormat>false</engineerFormat>
                        <modifier>1.0</modifier>
                        <log>false</log>
                        <gridVisible>true</gridVisible>
                    </yAxis>
                    <chartColor/>
                    <notes/>
                    <lines>
                        <line/>
                    </lines>
                    <symbols>
                        <symbol/>
                    </symbols>
                    <attributes></attributes>
                </graph>
            </graphs>
        </page>
        <page>
            <name>2</name>
            <header>
                <visible>false</visible>
                <text></text>
                <font>Dialog-BOLD-12</font>
            </header>
            <footer>
                <visible>false</visible>
                <text></text>
                <font>Dialog-BOLD-11</font>
            </footer>
            <legend>
                <visible>true</visible>
                <text>[HYP1] IEEE_9Bus_autobackup_2022_04_12_03_39_25.exe - DESKTOP-DIFI944:1 - Ts: 50e-6 Perf: 1 Data Step: 1 - Real time - localhost - 1969/12/31 19:00:00.000000</text>
                <font>Dialog-PLAIN-10</font>
            </legend>
            <numColumns>1</numColumns>
            <autoLayout>true</autoLayout>
            <graphs>
                <graph id="558035033" allowOverlap="true" className="ca.ireq.sim.viewer.ViewGraph">
                    <type>Plot</type>
                    <header>
                        <visible>false</visible>
                        <text></text>
                        <font>Dialog-PLAIN-10</font>
                    </header>
                    <footer>
                        <visible>false</visible>
                        <text></text>
                        <font>Dialog-PLAIN-10</font>
                    </footer>
                    <legend>
                        <visible>true</visible>
                        <font>Dialog-PLAIN-10</font>
                    </legend>
                    <xAxis>
                        <precision>-1</precision>
                        <precisionIsDefault>true</precisionIsDefault>
                        <font>Dialog-PLAIN-10</font>
                        <title></title>
                        <titleFont>Dialog-PLAIN-10</titleFont>
                        <titleVisible>true</titleVisible>
                        <engineerFormat>false</engineerFormat>
                        <modifier>1.0</modifier>
                        <log>false</log>
                        <gridVisible>true</gridVisible>
                    </xAxis>
                    <yAxis>
                        <precision>-1</precision>
                        <precisionIsDefault>true</precisionIsDefault>
                        <font>Dialog-PLAIN-10</font>
                        <title></title>
                        <titleFont>Dialog-PLAIN-10</titleFont>
                        <titleVisible>true</titleVisible>
                        <engineerFormat>false</engineerFormat>
                        <modifier>1.0</modifier>
                        <log>false</log>
                        <gridVisible>true</gridVisible>
                    </yAxis>
                    <chartColor/>
                    <notes/>
                    <lines>
                        <line/>
                    </lines>
                    <symbols>
                        <symbol/>
                    </symbols>
                    <attributes></attributes>
                </graph>
                <graph id="2120841831" allowOverlap="true" className="ca.ireq.sim.viewer.ViewGraph">
                    <type>Plot</type>
                    <header>
                        <visible>false</visible>
                        <text></text>
                        <font>Dialog-PLAIN-10</font>
                    </header>
                    <footer>
                        <visible>false</visible>
                        <text></text>
                        <font>Dialog-PLAIN-10</font>
                    </footer>
                    <legend>
                        <visible>true</visible>
                        <font>Dialog-PLAIN-10</font>
                    </legend>
                    <xAxis>
                        <precision>-1</precision>
                        <precisionIsDefault>true</precisionIsDefault>
                        <font>Dialog-PLAIN-10</font>
                        <title></title>
                        <titleFont>Dialog-PLAIN-10</titleFont>
                        <titleVisible>true</titleVisible>
                        <engineerFormat>false</engineerFormat>
                        <modifier>1.0</modifier>
                        <log>false</log>
                        <gridVisible>true</gridVisible>
                    </xAxis>
                    <yAxis>
                        <precision>-1</precision>
                        <precisionIsDefault>true</precisionIsDefault>
                        <font>Dialog-PLAIN-10</font>
                        <title></title>
                        <titleFont>Dialog-PLAIN-10</titleFont>
                        <titleVisible>true</titleVisible>
                        <engineerFormat>false</engineerFormat>
                        <modifier>1.0</modifier>
                        <log>false</log>
                        <gridVisible>true</gridVisible>
                    </yAxis>
                    <chartColor/>
                    <notes/>
                    <lines>
                        <line/>
                    </lines>
                    <symbols>
                        <symbol/>
                    </symbols>
                    <attributes></attributes>
                </graph>
                <graph id="681777277" allowOverlap="true" className="ca.ireq.sim.viewer.ViewGraph">
                    <type>Plot</type>
                    <header>
                        <visible>false</visible>
                        <text></text>
                        <font>Dialog-PLAIN-10</font>
                    </header>
                    <footer>
                        <visible>false</visible>
                        <text></text>
                        <font>Dialog-PLAIN-10</font>
                    </footer>
                    <legend>
                        <visible>true</visible>
                        <font>Dialog-PLAIN-10</font>
                    </legend>
                    <xAxis>
                        <precision>-1</precision>
                        <precisionIsDefault>true</precisionIsDefault>
                        <font>Dialog-PLAIN-10</font>
                        <title></title>
                        <titleFont>Dialog-PLAIN-10</titleFont>
                        <titleVisible>true</titleVisible>
                        <engineerFormat>false</engineerFormat>
                        <modifier>1.0</modifier>
                        <log>false</log>
                        <gridVisible>true</gridVisible>
                    </xAxis>
                    <yAxis>
                        <precision>-1</precision>
                        <precisionIsDefault>true</precisionIsDefault>
                        <font>Dialog-PLAIN-10</font>
                        <title></title>
                        <titleFont>Dialog-PLAIN-10</titleFont>
                        <titleVisible>true</titleVisible>
                        <engineerFormat>false</engineerFormat>
                        <modifier>1.0</modifier>
                        <log>false</log>
                        <gridVisible>true</gridVisible>
                    </yAxis>
                    <chartColor/>
                    <notes/>
                    <lines>
                        <line/>
                    </lines>
                    <symbols>
                        <symbol/>
                    </symbols>
                    <attributes></attributes>
                </graph>
            </graphs>
        </page>
        <page>
            <name>3</name>
            <header>
                <visible>false</visible>
                <text></text>
                <font>Dialog-BOLD-12</font>
            </header>
            <footer>
                <visible>false</visible>
                <text></text>
                <font>Dialog-BOLD-11</font>
            </footer>
            <legend>
                <visible>true</visible>
                <text>[HYP1] IEEE_9Bus_autobackup_2022_04_12_03_39_25.exe - DESKTOP-DIFI944:1 - Ts: 50e-6 Perf: 1 Data Step: 1 - Real time - localhost - 1969/12/31 19:00:00.000000</text>
                <font>Dialog-PLAIN-10</font>
            </legend>
            <numColumns>1</numColumns>
            <autoLayout>true</autoLayout>
            <graphs>
                <graph id="496155913" allowOverlap="true" className="ca.ireq.sim.viewer.ViewGraph">
                    <type>Plot</type>
                    <header>
                        <visible>false</visible>
                        <text></text>
                        <font>Dialog-PLAIN-10</font>
                    </header>
                    <footer>
                        <visible>false</visible>
                        <text></text>
                        <font>Dialog-PLAIN-10</font>
                    </footer>
                    <legend>
                        <visible>true</visible>
                        <font>Dialog-PLAIN-10</font>
                    </legend>
                    <xAxis>
                        <precision>-1</precision>
                        <precisionIsDefault>true</precisionIsDefault>
                        <font>Dialog-PLAIN-10</font>
                        <title></title>
                        <titleFont>Dialog-PLAIN-10</titleFont>
                        <titleVisible>true</titleVisible>
                        <engineerFormat>false</engineerFormat>
                        <modifier>1.0</modifier>
                        <log>false</log>
                        <gridVisible>true</gridVisible>
                    </xAxis>
                    <yAxis>
                        <precision>-1</precision>
                        <precisionIsDefault>true</precisionIsDefault>
                        <font>Dialog-PLAIN-10</font>
                        <title></title>
                        <titleFont>Dialog-PLAIN-10</titleFont>
                        <titleVisible>true</titleVisible>
                        <engineerFormat>false</engineerFormat>
                        <modifier>1.0</modifier>
                        <log>false</log>
                        <gridVisible>true</gridVisible>
                    </yAxis>
                    <chartColor/>
                    <notes/>
                    <lines>
                        <line/>
                    </lines>
                    <symbols>
                        <symbol/>
                    </symbols>
                    <attributes></attributes>
                </graph>
                <graph id="736380634" allowOverlap="true" className="ca.ireq.sim.viewer.ViewGraph">
                    <type>Plot</type>
                    <header>
                        <visible>false</visible>
                        <text></text>
                        <font>Dialog-PLAIN-10</font>
                    </header>
                    <footer>
                        <visible>false</visible>
                        <text></text>
                        <font>Dialog-PLAIN-10</font>
                    </footer>
                    <legend>
                        <visible>true</visible>
                        <font>Dialog-PLAIN-10</font>
                    </legend>
                    <xAxis>
                        <precision>-1</precision>
                        <precisionIsDefault>true</precisionIsDefault>
                        <font>Dialog-PLAIN-10</font>
                        <title></title>
                        <titleFont>Dialog-PLAIN-10</titleFont>
                        <titleVisible>true</titleVisible>
                        <engineerFormat>false</engineerFormat>
                        <modifier>1.0</modifier>
                        <log>false</log>
                        <gridVisible>true</gridVisible>
                    </xAxis>
                    <yAxis>
                        <precision>-1</precision>
                        <precisionIsDefault>true</precisionIsDefault>
                        <font>Dialog-PLAIN-10</font>
                        <title></title>
                        <titleFont>Dialog-PLAIN-10</titleFont>
                        <titleVisible>true</titleVisible>
                        <engineerFormat>false</engineerFormat>
                        <modifier>1.0</modifier>
                        <log>false</log>
                        <gridVisible>true</gridVisible>
                    </yAxis>
                    <chartColor/>
                    <notes/>
                    <lines>
                        <line/>
                    </lines>
                    <symbols>
                        <symbol/>
                    </symbols>
                    <attributes></attributes>
                </graph>
                <graph id="518761347" allowOverlap="true" className="ca.ireq.sim.viewer.ViewGraph">
                    <type>Plot</type>
                    <header>
                        <visible>false</visible>
                        <text></text>
                        <font>Dialog-PLAIN-10</font>
                    </header>
                    <footer>
                        <visible>false</visible>
                        <text></text>
                        <font>Dialog-PLAIN-10</font>
                    </footer>
                    <legend>
                        <visible>true</visible>
                        <font>Dialog-PLAIN-10</font>
                    </legend>
                    <xAxis>
                        <precision>-1</precision>
                        <precisionIsDefault>true</precisionIsDefault>
                        <font>Dialog-PLAIN-10</font>
                        <title></title>
                        <titleFont>Dialog-PLAIN-10</titleFont>
                        <titleVisible>true</titleVisible>
                        <engineerFormat>false</engineerFormat>
                        <modifier>1.0</modifier>
                        <log>false</log>
                        <gridVisible>true</gridVisible>
                    </xAxis>
                    <yAxis>
                        <precision>-1</precision>
                        <precisionIsDefault>true</precisionIsDefault>
                        <font>Dialog-PLAIN-10</font>
                        <title></title>
                        <titleFont>Dialog-PLAIN-10</titleFont>
                        <titleVisible>true</titleVisible>
                        <engineerFormat>false</engineerFormat>
                        <modifier>1.0</modifier>
                        <log>false</log>
                        <gridVisible>true</gridVisible>
                    </yAxis>
                    <chartColor/>
                    <notes/>
                    <lines>
                        <line/>
                    </lines>
                    <symbols>
                        <symbol/>
                    </symbols>
                    <attributes></attributes>
                </graph>
            </graphs>
        </page>
        <page>
            <name>4</name>
            <header>
                <visible>false</visible>
                <text></text>
                <font>Dialog-BOLD-12</font>
            </header>
            <footer>
                <visible>false</visible>
                <text></text>
                <font>Dialog-BOLD-11</font>
            </footer>
            <legend>
                <visible>true</visible>
                <text>[HYP1] IEEE_9Bus_autobackup_2022_04_12_03_39_25.exe - DESKTOP-DIFI944:1 - Ts: 50e-6 Perf: 1 Data Step: 1 - Real time - localhost - 1969/12/31 19:00:00.000000</text>
                <font>Dialog-PLAIN-10</font>
            </legend>
            <numColumns>1</numColumns>
            <autoLayout>true</autoLayout>
            <graphs>
                <graph id="775633107" allowOverlap="true" className="ca.ireq.sim.viewer.ViewGraph">
                    <type>Plot</type>
                    <header>
                        <visible>false</visible>
                        <text></text>
                        <font>Dialog-PLAIN-10</font>
                    </header>
                    <footer>
                        <visible>false</visible>
                        <text></text>
                        <font>Dialog-PLAIN-10</font>
                    </footer>
                    <legend>
                        <visible>true</visible>
                        <font>Dialog-PLAIN-10</font>
                    </legend>
                    <xAxis>
                        <precision>-1</precision>
                        <precisionIsDefault>true</precisionIsDefault>
                        <font>Dialog-PLAIN-10</font>
                        <title></title>
                        <titleFont>Dialog-PLAIN-10</titleFont>
                        <titleVisible>true</titleVisible>
                        <engineerFormat>false</engineerFormat>
                        <modifier>1.0</modifier>
                        <log>false</log>
                        <gridVisible>true</gridVisible>
                    </xAxis>
                    <yAxis>
                        <precision>-1</precision>
                        <precisionIsDefault>true</precisionIsDefault>
                        <font>Dialog-PLAIN-10</font>
                        <title></title>
                        <titleFont>Dialog-PLAIN-10</titleFont>
                        <titleVisible>true</titleVisible>
                        <engineerFormat>false</engineerFormat>
                        <modifier>1.0</modifier>
                        <log>false</log>
                        <gridVisible>true</gridVisible>
                    </yAxis>
                    <chartColor/>
                    <notes/>
                    <lines>
                        <line/>
                    </lines>
                    <symbols>
                        <symbol/>
                    </symbols>
                    <attributes></attributes>
                </graph>
                <graph id="650748648" allowOverlap="true" className="ca.ireq.sim.viewer.ViewGraph">
                    <type>Plot</type>
                    <header>
                        <visible>false</visible>
                        <text></text>
                        <font>Dialog-PLAIN-10</font>
                    </header>
                    <footer>
                        <visible>false</visible>
                        <text></text>
                        <font>Dialog-PLAIN-10</font>
                    </footer>
                    <legend>
                        <visible>true</visible>
                        <font>Dialog-PLAIN-10</font>
                    </legend>
                    <xAxis>
                        <precision>-1</precision>
                        <precisionIsDefault>true</precisionIsDefault>
                        <font>Dialog-PLAIN-10</font>
                        <title></title>
                        <titleFont>Dialog-PLAIN-10</titleFont>
                        <titleVisible>true</titleVisible>
                        <engineerFormat>false</engineerFormat>
                        <modifier>1.0</modifier>
                        <log>false</log>
                        <gridVisible>true</gridVisible>
                    </xAxis>
                    <yAxis>
                        <precision>-1</precision>
                        <precisionIsDefault>true</precisionIsDefault>
                        <font>Dialog-PLAIN-10</font>
                        <title></title>
                        <titleFont>Dialog-PLAIN-10</titleFont>
                        <titleVisible>true</titleVisible>
                        <engineerFormat>false</engineerFormat>
                        <modifier>1.0</modifier>
                        <log>false</log>
                        <gridVisible>true</gridVisible>
                    </yAxis>
                    <chartColor/>
                    <notes/>
                    <lines>
                        <line/>
                    </lines>
                    <symbols>
                        <symbol/>
                    </symbols>
                    <attributes></attributes>
                </graph>
                <graph id="798155389" allowOverlap="true" className="ca.ireq.sim.viewer.ViewGraph">
                    <type>Plot</type>
                    <header>
                        <visible>false</visible>
                        <text></text>
                        <font>Dialog-PLAIN-10</font>
                    </header>
                    <footer>
                        <visible>false</visible>
                        <text></text>
                        <font>Dialog-PLAIN-10</font>
                    </footer>
                    <legend>
                        <visible>true</visible>
                        <font>Dialog-PLAIN-10</font>
                    </legend>
                    <xAxis>
                        <precision>-1</precision>
                        <precisionIsDefault>true</precisionIsDefault>
                        <font>Dialog-PLAIN-10</font>
                        <title></title>
                        <titleFont>Dialog-PLAIN-10</titleFont>
                        <titleVisible>true</titleVisible>
                        <engineerFormat>false</engineerFormat>
                        <modifier>1.0</modifier>
                        <log>false</log>
                        <gridVisible>true</gridVisible>
                    </xAxis>
                    <yAxis>
                        <precision>-1</precision>
                        <precisionIsDefault>true</precisionIsDefault>
                        <font>Dialog-PLAIN-10</font>
                        <title></title>
                        <titleFont>Dialog-PLAIN-10</titleFont>
                        <titleVisible>true</titleVisible>
                        <engineerFormat>false</engineerFormat>
                        <modifier>1.0</modifier>
                        <log>false</log>
                        <gridVisible>true</gridVisible>
                    </yAxis>
                    <chartColor/>
                    <notes/>
                    <lines>
                        <line/>
                    </lines>
                    <symbols>
                        <symbol/>
                    </symbols>
                    <attributes></attributes>
                </graph>
            </graphs>
        </page>
        <page>
            <name>5</name>
            <header>
                <visible>false</visible>
                <text></text>
                <font>Dialog-BOLD-12</font>
            </header>
            <footer>
                <visible>false</visible>
                <text></text>
                <font>Dialog-BOLD-11</font>
            </footer>
            <legend>
                <visible>true</visible>
                <text>[HYP1] IEEE_9Bus_autobackup_2022_04_12_03_39_25.exe - DESKTOP-DIFI944:1 - Ts: 50e-6 Perf: 1 Data Step: 1 - Real time - localhost - 1969/12/31 19:00:00.000000</text>
                <font>Dialog-PLAIN-10</font>
            </legend>
            <numColumns>1</numColumns>
            <autoLayout>true</autoLayout>
            <graphs>
                <graph id="1818686399" allowOverlap="true" className="ca.ireq.sim.viewer.ViewGraph">
                    <type>Plot</type>
                    <header>
                        <visible>false</visible>
                        <text></text>
                        <font>Dialog-PLAIN-10</font>
                    </header>
                    <footer>
                        <visible>false</visible>
                        <text></text>
                        <font>Dialog-PLAIN-10</font>
                    </footer>
                    <legend>
                        <visible>true</visible>
                        <font>Dialog-PLAIN-10</font>
                    </legend>
                    <xAxis>
                        <precision>-1</precision>
                        <precisionIsDefault>true</precisionIsDefault>
                        <font>Dialog-PLAIN-10</font>
                        <title></title>
                        <titleFont>Dialog-PLAIN-10</titleFont>
                        <titleVisible>true</titleVisible>
                        <engineerFormat>false</engineerFormat>
                        <modifier>1.0</modifier>
                        <log>false</log>
                        <gridVisible>true</gridVisible>
                    </xAxis>
                    <yAxis>
                        <precision>-1</precision>
                        <precisionIsDefault>true</precisionIsDefault>
                        <font>Dialog-PLAIN-10</font>
                        <title></title>
                        <titleFont>Dialog-PLAIN-10</titleFont>
                        <titleVisible>true</titleVisible>
                        <engineerFormat>false</engineerFormat>
                        <modifier>1.0</modifier>
                        <log>false</log>
                        <gridVisible>true</gridVisible>
                    </yAxis>
                    <chartColor/>
                    <notes/>
                    <lines>
                        <line/>
                    </lines>
                    <symbols>
                        <symbol/>
                    </symbols>
                    <attributes></attributes>
                </graph>
                <graph id="468497216" allowOverlap="true" className="ca.ireq.sim.viewer.ViewGraph">
                    <type>Plot</type>
                    <header>
                        <visible>false</visible>
                        <text></text>
                        <font>Dialog-PLAIN-10</font>
                    </header>
                    <footer>
                        <visible>false</visible>
                        <text></text>
                        <font>Dialog-PLAIN-10</font>
                    </footer>
                    <legend>
                        <visible>true</visible>
                        <font>Dialog-PLAIN-10</font>
                    </legend>
                    <xAxis>
                        <precision>-1</precision>
                        <precisionIsDefault>true</precisionIsDefault>
                        <font>Dialog-PLAIN-10</font>
                        <title></title>
                        <titleFont>Dialog-PLAIN-10</titleFont>
                        <titleVisible>true</titleVisible>
                        <engineerFormat>false</engineerFormat>
                        <modifier>1.0</modifier>
                        <log>false</log>
                        <gridVisible>true</gridVisible>
                    </xAxis>
                    <yAxis>
                        <precision>-1</precision>
                        <precisionIsDefault>true</precisionIsDefault>
                        <font>Dialog-PLAIN-10</font>
                        <title></title>
                        <titleFont>Dialog-PLAIN-10</titleFont>
                        <titleVisible>true</titleVisible>
                        <engineerFormat>false</engineerFormat>
                        <modifier>1.0</modifier>
                        <log>false</log>
                        <gridVisible>true</gridVisible>
                    </yAxis>
                    <chartColor/>
                    <notes/>
                    <lines>
                        <line/>
                    </lines>
                    <symbols>
                        <symbol/>
                    </symbols>
                    <attributes></attributes>
                </graph>
                <graph id="1884920887" allowOverlap="true" className="ca.ireq.sim.viewer.ViewGraph">
                    <type>Plot</type>
                    <header>
                        <visible>false</visible>
                        <text></text>
                        <font>Dialog-PLAIN-10</font>
                    </header>
                    <footer>
                        <visible>false</visible>
                        <text></text>
                        <font>Dialog-PLAIN-10</font>
                    </footer>
                    <legend>
                        <visible>true</visible>
                        <font>Dialog-PLAIN-10</font>
                    </legend>
                    <xAxis>
                        <precision>-1</precision>
                        <precisionIsDefault>true</precisionIsDefault>
                        <font>Dialog-PLAIN-10</font>
                        <title></title>
                        <titleFont>Dialog-PLAIN-10</titleFont>
                        <titleVisible>true</titleVisible>
                        <engineerFormat>false</engineerFormat>
                        <modifier>1.0</modifier>
                        <log>false</log>
                        <gridVisible>true</gridVisible>
                    </xAxis>
                    <yAxis>
                        <precision>-1</precision>
                        <precisionIsDefault>true</precisionIsDefault>
                        <font>Dialog-PLAIN-10</font>
                        <title></title>
                        <titleFont>Dialog-PLAIN-10</titleFont>
                        <titleVisible>true</titleVisible>
                        <engineerFormat>false</engineerFormat>
                        <modifier>1.0</modifier>
                        <log>false</log>
                        <gridVisible>true</gridVisible>
                    </yAxis>
                    <chartColor/>
                    <notes/>
                    <lines>
                        <line/>
                    </lines>
                    <symbols>
                        <symbol/>
                    </symbols>
                    <attributes></attributes>
                </graph>
            </graphs>
        </page>
        <page>
            <name>6</name>
            <header>
                <visible>false</visible>
                <text></text>
                <font>Dialog-BOLD-12</font>
            </header>
            <footer>
                <visible>false</visible>
                <text></text>
                <font>Dialog-BOLD-11</font>
            </footer>
            <legend>
                <visible>true</visible>
                <text>[HYP1] IEEE_9Bus_autobackup_2022_04_12_03_39_25.exe - DESKTOP-DIFI944:1 - Ts: 50e-6 Perf: 1 Data Step: 1 - Real time - localhost - 1969/12/31 19:00:00.000000</text>
                <font>Dialog-PLAIN-10</font>
            </legend>
            <numColumns>1</numColumns>
            <autoLayout>true</autoLayout>
            <graphs>
                <graph id="1222641995" allowOverlap="true" className="ca.ireq.sim.viewer.ViewGraph">
                    <type>Plot</type>
                    <header>
                        <visible>false</visible>
                        <text></text>
                        <font>Dialog-PLAIN-10</font>
                    </header>
                    <footer>
                        <visible>false</visible>
                        <text></text>
                        <font>Dialog-PLAIN-10</font>
                    </footer>
                    <legend>
                        <visible>true</visible>
                        <font>Dialog-PLAIN-10</font>
                    </legend>
                    <xAxis>
                        <precision>-1</precision>
                        <precisionIsDefault>true</precisionIsDefault>
                        <font>Dialog-PLAIN-10</font>
                        <title></title>
                        <titleFont>Dialog-PLAIN-10</titleFont>
                        <titleVisible>true</titleVisible>
                        <engineerFormat>false</engineerFormat>
                        <modifier>1.0</modifier>
                        <log>false</log>
                        <gridVisible>true</gridVisible>
                    </xAxis>
                    <yAxis>
                        <precision>-1</precision>
                        <precisionIsDefault>true</precisionIsDefault>
                        <font>Dialog-PLAIN-10</font>
                        <title></title>
                        <titleFont>Dialog-PLAIN-10</titleFont>
                        <titleVisible>true</titleVisible>
                        <engineerFormat>false</engineerFormat>
                        <modifier>1.0</modifier>
                        <log>false</log>
                        <gridVisible>true</gridVisible>
                    </yAxis>
                    <chartColor/>
                    <notes/>
                    <lines>
                        <line/>
                    </lines>
                    <symbols>
                        <symbol/>
                    </symbols>
                    <attributes></attributes>
                </graph>
                <graph id="331407587" allowOverlap="true" className="ca.ireq.sim.viewer.ViewGraph">
                    <type>Plot</type>
                    <header>
                        <visible>false</visible>
                        <text></text>
                        <font>Dialog-PLAIN-10</font>
                    </header>
                    <footer>
                        <visible>false</visible>
                        <text></text>
                        <font>Dialog-PLAIN-10</font>
                    </footer>
                    <legend>
                        <visible>true</visible>
                        <font>Dialog-PLAIN-10</font>
                    </legend>
                    <xAxis>
                        <precision>-1</precision>
                        <precisionIsDefault>true</precisionIsDefault>
                        <font>Dialog-PLAIN-10</font>
                        <title></title>
                        <titleFont>Dialog-PLAIN-10</titleFont>
                        <titleVisible>true</titleVisible>
                        <engineerFormat>false</engineerFormat>
                        <modifier>1.0</modifier>
                        <log>false</log>
                        <gridVisible>true</gridVisible>
                    </xAxis>
                    <yAxis>
                        <precision>-1</precision>
                        <precisionIsDefault>true</precisionIsDefault>
                        <font>Dialog-PLAIN-10</font>
                        <title></title>
                        <titleFont>Dialog-PLAIN-10</titleFont>
                        <titleVisible>true</titleVisible>
                        <engineerFormat>false</engineerFormat>
                        <modifier>1.0</modifier>
                        <log>false</log>
                        <gridVisible>true</gridVisible>
                    </yAxis>
                    <chartColor/>
                    <notes/>
                    <lines>
                        <line/>
                    </lines>
                    <symbols>
                        <symbol/>
                    </symbols>
                    <attributes></attributes>
                </graph>
                <graph id="1833445224" allowOverlap="true" className="ca.ireq.sim.viewer.ViewGraph">
                    <type>Plot</type>
                    <header>
                        <visible>false</visible>
                        <text></text>
                        <font>Dialog-PLAIN-10</font>
                    </header>
                    <footer>
                        <visible>false</visible>
                        <text></text>
                        <font>Dialog-PLAIN-10</font>
                    </footer>
                    <legend>
                        <visible>true</visible>
                        <font>Dialog-PLAIN-10</font>
                    </legend>
                    <xAxis>
                        <precision>-1</precision>
                        <precisionIsDefault>true</precisionIsDefault>
                        <font>Dialog-PLAIN-10</font>
                        <title></title>
                        <titleFont>Dialog-PLAIN-10</titleFont>
                        <titleVisible>true</titleVisible>
                        <engineerFormat>false</engineerFormat>
                        <modifier>1.0</modifier>
                        <log>false</log>
                        <gridVisible>true</gridVisible>
                    </xAxis>
                    <yAxis>
                        <precision>-1</precision>
                        <precisionIsDefault>true</precisionIsDefault>
                        <font>Dialog-PLAIN-10</font>
                        <title></title>
                        <titleFont>Dialog-PLAIN-10</titleFont>
                        <titleVisible>true</titleVisible>
                        <engineerFormat>false</engineerFormat>
                        <modifier>1.0</modifier>
                        <log>false</log>
                        <gridVisible>true</gridVisible>
                    </yAxis>
                    <chartColor/>
                    <notes/>
                    <lines>
                        <line/>
                    </lines>
                    <symbols>
                        <symbol/>
                    </symbols>
                    <attributes></attributes>
                </graph>
            </graphs>
        </page>
    </pages>
    <theme>white</theme>
</template>
