<?xml version="1.0" encoding="UTF-8" standalone="yes"?>
<template version="xml-scopeview-template version=&quot;4.2&quot;">
    <acqParams>
        <startingTime>0.0</startingTime>
        <timeLength>0.0999</timeLength>
        <samplingRate>20000.0</samplingRate>
        <numData>-1</numData>
        <synchronized>false</synchronized>
        <maneuvered>false</maneuvered>
        <numAcq>1</numAcq>
        <continuous>false</continuous>
    </acqParams>
    <dataSources>
        <dataSource id="1271474869" className="ca.ireq.sim.source.SimHypersimDataSource">
            <location>{host=localhost}{display=1}</location>
        </dataSource>
    </dataSources>
    <dataSourceMacros/>
    <signals>
        <signal>
            <identifier>SM3_w</identifier>
            <name>SM3.w</name>
            <description>SM3.w</description>
            <category>Machine</category>
            <type>Analog</type>
            <dataSourceId>1271474869</dataSourceId>
        </signal>
        <signal>
            <identifier>LdAAA_P</identifier>
            <name>LdAAA.P</name>
            <description>LdAAA.P</description>
            <category>Load</category>
            <type>Analog</type>
            <dataSourceId>1271474869</dataSourceId>
        </signal>
        <signal>
            <identifier>Ld6_Vrms</identifier>
            <name>Ld6.Vrms</name>
            <description>Ld6.Vrms</description>
            <category>Load</category>
            <type>Analog</type>
            <dataSourceId>1271474869</dataSourceId>
        </signal>
        <signal>
            <identifier>SM2_w</identifier>
            <name>SM2.w</name>
            <description>SM2.w</description>
            <category>Machine</category>
            <type>Analog</type>
            <dataSourceId>1271474869</dataSourceId>
        </signal>
        <signal>
            <identifier>Ld5_Vrms</identifier>
            <name>Ld5.Vrms</name>
            <description>Ld5.Vrms</description>
            <category>Load</category>
            <type>Analog</type>
            <dataSourceId>1271474869</dataSourceId>
        </signal>
        <signal>
            <identifier>Ld5_P</identifier>
            <name>Ld5.P</name>
            <description>Ld5.P</description>
            <category>Load</category>
            <type>Analog</type>
            <dataSourceId>1271474869</dataSourceId>
        </signal>
        <signal>
            <identifier>Ld8_P</identifier>
            <name>Ld8.P</name>
            <description>Ld8.P</description>
            <category>Load</category>
            <type>Analog</type>
            <dataSourceId>1271474869</dataSourceId>
        </signal>
        <signal>
            <identifier>LdAAA_Vrms</identifier>
            <name>LdAAA.Vrms</name>
            <description>LdAAA.Vrms</description>
            <category>Load</category>
            <type>Analog</type>
            <dataSourceId>1271474869</dataSourceId>
        </signal>
        <signal>
            <identifier>SM1_w</identifier>
            <name>SM1.w</name>
            <description>SM1.w</description>
            <category>Machine</category>
            <type>Analog</type>
            <dataSourceId>1271474869</dataSourceId>
        </signal>
        <signal>
            <identifier>Ld6_P</identifier>
            <name>Ld6.P</name>
            <description>Ld6.P</description>
            <category>Load</category>
            <type>Analog</type>
            <dataSourceId>1271474869</dataSourceId>
        </signal>
        <signal>
            <identifier>Ld8_Vrms</identifier>
            <name>Ld8.Vrms</name>
            <description>Ld8.Vrms</description>
            <category>Load</category>
            <type>Analog</type>
            <dataSourceId>1271474869</dataSourceId>
        </signal>
    </signals>
    <expressions>
        <expression>
            <exp>SM1_w</exp>
            <desc>SM1.w</desc>
            <displayed>true</displayed>
            <pageNumber>1</pageNumber>
            <graphId>596062921</graphId>
        </expression>
        <expression>
            <exp>SM2_w</exp>
            <desc>SM2.w</desc>
            <displayed>true</displayed>
            <pageNumber>1</pageNumber>
            <graphId>1101427542</graphId>
        </expression>
        <expression>
            <exp>SM3_w</exp>
            <desc>SM3.w</desc>
            <displayed>true</displayed>
            <pageNumber>1</pageNumber>
            <graphId>1478788658</graphId>
        </expression>
        <expression>
            <exp>LdAAA_P</exp>
            <desc>LdAAA.P</desc>
            <displayed>true</displayed>
            <pageNumber>2</pageNumber>
            <graphId>1276668526</graphId>
        </expression>
        <expression>
            <exp>Ld6_P</exp>
            <desc>Ld6.P</desc>
            <displayed>true</displayed>
            <pageNumber>2</pageNumber>
            <graphId>1444087902</graphId>
        </expression>
        <expression>
            <exp>Ld5_P</exp>
            <desc>Ld5.P</desc>
            <displayed>true</displayed>
            <pageNumber>2</pageNumber>
            <graphId>618528009</graphId>
        </expression>
        <expression>
            <exp>Ld8_P</exp>
            <desc>Ld8.P</desc>
            <displayed>true</displayed>
            <pageNumber>2</pageNumber>
            <graphId>1479862966</graphId>
        </expression>
        <expression>
            <exp>Ld8_Vrms</exp>
            <displayed>true</displayed>
            <pageNumber>3</pageNumber>
            <graphId>1475391684</graphId>
        </expression>
        <expression>
            <exp>Ld6_Vrms</exp>
            <desc>Ld6_Vrms</desc>
            <displayed>true</displayed>
            <pageNumber>3</pageNumber>
            <graphId>426705820</graphId>
        </expression>
        <expression>
            <exp>Ld5_Vrms</exp>
            <desc>Ld5.Vrms</desc>
            <displayed>true</displayed>
            <pageNumber>3</pageNumber>
            <graphId>1376878605</graphId>
        </expression>
        <expression>
            <exp>LdAAA_Vrms</exp>
            <desc>LdAAA.Vrms</desc>
            <displayed>true</displayed>
            <pageNumber>3</pageNumber>
            <graphId>764391843</graphId>
        </expression>
    </expressions>
    <pages>
        <page>
            <name>1</name>
            <header>
                <visible>false</visible>
                <text></text>
                <font>Dialog-BOLD-12</font>
            </header>
            <footer>
                <visible>false</visible>
                <text></text>
                <font>Dialog-BOLD-11</font>
            </footer>
            <legend>
                <visible>true</visible>
                <text>[HYP1] IEEE_9Bus_autobackup_2022_04_12_03_39_25 - localhost:1 - Ts: 50e-6 Perf: 1 Data Step: 1 - Real time - 192.168.55.102 - 1969/12/31 19:00:00.000000</text>
                <font>Dialog-PLAIN-10</font>
            </legend>
            <numColumns>1</numColumns>
            <autoLayout>true</autoLayout>
            <graphs>
                <graph id="596062921" allowOverlap="true" className="ca.ireq.sim.viewer.ViewGraph">
                    <type>Plot</type>
                    <header>
                        <visible>false</visible>
                        <text></text>
                        <font>Dialog-PLAIN-10</font>
                    </header>
                    <footer>
                        <visible>false</visible>
                        <text></text>
                        <font>Dialog-PLAIN-10</font>
                    </footer>
                    <legend>
                        <visible>true</visible>
                        <font>Dialog-PLAIN-10</font>
                    </legend>
                    <xAxis>
                        <precision>1</precision>
                        <precisionIsDefault>true</precisionIsDefault>
                        <font>Dialog-PLAIN-10</font>
                        <title></title>
                        <titleFont>Dialog-PLAIN-10</titleFont>
                        <titleVisible>true</titleVisible>
                        <engineerFormat>false</engineerFormat>
                        <modifier>1.0</modifier>
                        <log>false</log>
                        <gridVisible>true</gridVisible>
                    </xAxis>
                    <yAxis>
                        <precision>0</precision>
                        <precisionIsDefault>true</precisionIsDefault>
                        <font>Dialog-PLAIN-10</font>
                        <title></title>
                        <titleFont>Dialog-PLAIN-10</titleFont>
                        <titleVisible>true</titleVisible>
                        <engineerFormat>false</engineerFormat>
                        <modifier>1.0</modifier>
                        <log>false</log>
                        <gridVisible>true</gridVisible>
                    </yAxis>
                    <chartColor/>
                    <notes/>
                    <lines>
                        <line/>
                    </lines>
                    <symbols>
                        <symbol/>
                    </symbols>
                    <attributes></attributes>
                </graph>
                <graph id="1101427542" allowOverlap="true" className="ca.ireq.sim.viewer.ViewGraph">
                    <type>Plot</type>
                    <header>
                        <visible>false</visible>
                        <text></text>
                        <font>Dialog-PLAIN-10</font>
                    </header>
                    <footer>
                        <visible>false</visible>
                        <text></text>
                        <font>Dialog-PLAIN-10</font>
                    </footer>
                    <legend>
                        <visible>true</visible>
                        <font>Dialog-PLAIN-10</font>
                    </legend>
                    <xAxis>
                        <precision>1</precision>
                        <precisionIsDefault>true</precisionIsDefault>
                        <font>Dialog-PLAIN-10</font>
                        <title></title>
                        <titleFont>Dialog-PLAIN-10</titleFont>
                        <titleVisible>true</titleVisible>
                        <engineerFormat>false</engineerFormat>
                        <modifier>1.0</modifier>
                        <log>false</log>
                        <gridVisible>true</gridVisible>
                    </xAxis>
                    <yAxis>
                        <precision>0</precision>
                        <precisionIsDefault>true</precisionIsDefault>
                        <font>Dialog-PLAIN-10</font>
                        <title></title>
                        <titleFont>Dialog-PLAIN-10</titleFont>
                        <titleVisible>true</titleVisible>
                        <engineerFormat>false</engineerFormat>
                        <modifier>1.0</modifier>
                        <log>false</log>
                        <gridVisible>true</gridVisible>
                    </yAxis>
                    <chartColor/>
                    <notes/>
                    <lines>
                        <line/>
                    </lines>
                    <symbols>
                        <symbol/>
                    </symbols>
                    <attributes></attributes>
                </graph>
                <graph id="1478788658" allowOverlap="true" className="ca.ireq.sim.viewer.ViewGraph">
                    <type>Plot</type>
                    <header>
                        <visible>false</visible>
                        <text></text>
                        <font>Dialog-PLAIN-10</font>
                    </header>
                    <footer>
                        <visible>false</visible>
                        <text></text>
                        <font>Dialog-PLAIN-10</font>
                    </footer>
                    <legend>
                        <visible>true</visible>
                        <font>Dialog-PLAIN-10</font>
                    </legend>
                    <xAxis>
                        <precision>1</precision>
                        <precisionIsDefault>true</precisionIsDefault>
                        <font>Dialog-PLAIN-10</font>
                        <title></title>
                        <titleFont>Dialog-PLAIN-10</titleFont>
                        <titleVisible>true</titleVisible>
                        <engineerFormat>false</engineerFormat>
                        <modifier>1.0</modifier>
                        <log>false</log>
                        <gridVisible>true</gridVisible>
                    </xAxis>
                    <yAxis>
                        <precision>0</precision>
                        <precisionIsDefault>true</precisionIsDefault>
                        <font>Dialog-PLAIN-10</font>
                        <title></title>
                        <titleFont>Dialog-PLAIN-10</titleFont>
                        <titleVisible>true</titleVisible>
                        <engineerFormat>false</engineerFormat>
                        <modifier>1.0</modifier>
                        <log>false</log>
                        <gridVisible>true</gridVisible>
                    </yAxis>
                    <chartColor/>
                    <notes/>
                    <lines>
                        <line/>
                    </lines>
                    <symbols>
                        <symbol/>
                    </symbols>
                    <attributes></attributes>
                </graph>
            </graphs>
        </page>
        <page>
            <name>2</name>
            <header>
                <visible>false</visible>
                <text></text>
                <font>Dialog-BOLD-12</font>
            </header>
            <footer>
                <visible>false</visible>
                <text></text>
                <font>Dialog-BOLD-11</font>
            </footer>
            <legend>
                <visible>true</visible>
                <text>[HYP1] IEEE_9Bus_autobackup_2022_04_12_03_39_25 - localhost:1 - Ts: 50e-6 Perf: 1 Data Step: 1 - Real time - 192.168.55.102 - 1969/12/31 19:00:00.000000</text>
                <font>Dialog-PLAIN-10</font>
            </legend>
            <numColumns>1</numColumns>
            <autoLayout>true</autoLayout>
            <graphs>
                <graph id="1276668526" allowOverlap="true" className="ca.ireq.sim.viewer.ViewGraph">
                    <type>Plot</type>
                    <header>
                        <visible>false</visible>
                        <text></text>
                        <font>Dialog-PLAIN-10</font>
                    </header>
                    <footer>
                        <visible>false</visible>
                        <text></text>
                        <font>Dialog-PLAIN-10</font>
                    </footer>
                    <legend>
                        <visible>true</visible>
                        <font>Dialog-PLAIN-10</font>
                    </legend>
                    <xAxis>
                        <precision>1</precision>
                        <precisionIsDefault>true</precisionIsDefault>
                        <font>Dialog-PLAIN-10</font>
                        <title></title>
                        <titleFont>Dialog-PLAIN-10</titleFont>
                        <titleVisible>true</titleVisible>
                        <engineerFormat>false</engineerFormat>
                        <modifier>1.0</modifier>
                        <log>false</log>
                        <gridVisible>true</gridVisible>
                    </xAxis>
                    <yAxis>
                        <precision>0</precision>
                        <precisionIsDefault>true</precisionIsDefault>
                        <font>Dialog-PLAIN-10</font>
                        <title></title>
                        <titleFont>Dialog-PLAIN-10</titleFont>
                        <titleVisible>true</titleVisible>
                        <engineerFormat>false</engineerFormat>
                        <modifier>1.0</modifier>
                        <log>false</log>
                        <gridVisible>true</gridVisible>
                    </yAxis>
                    <chartColor/>
                    <notes/>
                    <lines>
                        <line/>
                    </lines>
                    <symbols>
                        <symbol/>
                    </symbols>
                    <attributes></attributes>
                </graph>
                <graph id="1444087902" allowOverlap="true" className="ca.ireq.sim.viewer.ViewGraph">
                    <type>Plot</type>
                    <header>
                        <visible>false</visible>
                        <text></text>
                        <font>Dialog-PLAIN-10</font>
                    </header>
                    <footer>
                        <visible>false</visible>
                        <text></text>
                        <font>Dialog-PLAIN-10</font>
                    </footer>
                    <legend>
                        <visible>true</visible>
                        <font>Dialog-PLAIN-10</font>
                    </legend>
                    <xAxis>
                        <precision>1</precision>
                        <precisionIsDefault>true</precisionIsDefault>
                        <font>Dialog-PLAIN-10</font>
                        <title></title>
                        <titleFont>Dialog-PLAIN-10</titleFont>
                        <titleVisible>true</titleVisible>
                        <engineerFormat>false</engineerFormat>
                        <modifier>1.0</modifier>
                        <log>false</log>
                        <gridVisible>true</gridVisible>
                    </xAxis>
                    <yAxis>
                        <precision>0</precision>
                        <precisionIsDefault>true</precisionIsDefault>
                        <font>Dialog-PLAIN-10</font>
                        <title></title>
                        <titleFont>Dialog-PLAIN-10</titleFont>
                        <titleVisible>true</titleVisible>
                        <engineerFormat>false</engineerFormat>
                        <modifier>1.0</modifier>
                        <log>false</log>
                        <gridVisible>true</gridVisible>
                    </yAxis>
                    <chartColor/>
                    <notes/>
                    <lines>
                        <line/>
                    </lines>
                    <symbols>
                        <symbol/>
                    </symbols>
                    <attributes></attributes>
                </graph>
                <graph id="618528009" allowOverlap="true" className="ca.ireq.sim.viewer.ViewGraph">
                    <type>Plot</type>
                    <header>
                        <visible>false</visible>
                        <text></text>
                        <font>Dialog-PLAIN-10</font>
                    </header>
                    <footer>
                        <visible>false</visible>
                        <text></text>
                        <font>Dialog-PLAIN-10</font>
                    </footer>
                    <legend>
                        <visible>true</visible>
                        <font>Dialog-PLAIN-10</font>
                    </legend>
                    <xAxis>
                        <precision>1</precision>
                        <precisionIsDefault>true</precisionIsDefault>
                        <font>Dialog-PLAIN-10</font>
                        <title></title>
                        <titleFont>Dialog-PLAIN-10</titleFont>
                        <titleVisible>true</titleVisible>
                        <engineerFormat>false</engineerFormat>
                        <modifier>1.0</modifier>
                        <log>false</log>
                        <gridVisible>true</gridVisible>
                    </xAxis>
                    <yAxis>
                        <precision>0</precision>
                        <precisionIsDefault>true</precisionIsDefault>
                        <font>Dialog-PLAIN-10</font>
                        <title></title>
                        <titleFont>Dialog-PLAIN-10</titleFont>
                        <titleVisible>true</titleVisible>
                        <engineerFormat>false</engineerFormat>
                        <modifier>1.0</modifier>
                        <log>false</log>
                        <gridVisible>true</gridVisible>
                    </yAxis>
                    <chartColor/>
                    <notes/>
                    <lines>
                        <line/>
                    </lines>
                    <symbols>
                        <symbol/>
                    </symbols>
                    <attributes></attributes>
                </graph>
                <graph id="1479862966" allowOverlap="true" className="ca.ireq.sim.viewer.ViewGraph">
                    <type>Plot</type>
                    <header>
                        <visible>false</visible>
                        <text></text>
                        <font>Dialog-PLAIN-10</font>
                    </header>
                    <footer>
                        <visible>false</visible>
                        <text></text>
                        <font>Dialog-PLAIN-10</font>
                    </footer>
                    <legend>
                        <visible>true</visible>
                        <font>Dialog-PLAIN-10</font>
                    </legend>
                    <xAxis>
                        <precision>1</precision>
                        <precisionIsDefault>true</precisionIsDefault>
                        <font>Dialog-PLAIN-10</font>
                        <title></title>
                        <titleFont>Dialog-PLAIN-10</titleFont>
                        <titleVisible>true</titleVisible>
                        <engineerFormat>false</engineerFormat>
                        <modifier>1.0</modifier>
                        <log>false</log>
                        <gridVisible>true</gridVisible>
                    </xAxis>
                    <yAxis>
                        <precision>0</precision>
                        <precisionIsDefault>true</precisionIsDefault>
                        <font>Dialog-PLAIN-10</font>
                        <title></title>
                        <titleFont>Dialog-PLAIN-10</titleFont>
                        <titleVisible>true</titleVisible>
                        <engineerFormat>false</engineerFormat>
                        <modifier>1.0</modifier>
                        <log>false</log>
                        <gridVisible>true</gridVisible>
                    </yAxis>
                    <chartColor/>
                    <notes/>
                    <lines>
                        <line/>
                    </lines>
                    <symbols>
                        <symbol/>
                    </symbols>
                    <attributes></attributes>
                </graph>
            </graphs>
        </page>
        <page>
            <name>3</name>
            <header>
                <visible>false</visible>
                <text></text>
                <font>Dialog-BOLD-12</font>
            </header>
            <footer>
                <visible>false</visible>
                <text></text>
                <font>Dialog-BOLD-11</font>
            </footer>
            <legend>
                <visible>true</visible>
                <text>[HYP1] IEEE_9Bus_autobackup_2022_04_12_03_39_25 - localhost:1 - Ts: 50e-6 Perf: 1 Data Step: 1 - Real time - 192.168.55.102 - 1969/12/31 19:00:00.000000</text>
                <font>Dialog-PLAIN-10</font>
            </legend>
            <numColumns>1</numColumns>
            <autoLayout>true</autoLayout>
            <graphs>
                <graph id="1475391684" allowOverlap="true" className="ca.ireq.sim.viewer.ViewGraph">
                    <type>Plot</type>
                    <header>
                        <visible>false</visible>
                        <text></text>
                        <font>Dialog-PLAIN-10</font>
                    </header>
                    <footer>
                        <visible>false</visible>
                        <text></text>
                        <font>Dialog-PLAIN-10</font>
                    </footer>
                    <legend>
                        <visible>true</visible>
                        <font>Dialog-PLAIN-10</font>
                    </legend>
                    <xAxis>
                        <precision>1</precision>
                        <precisionIsDefault>true</precisionIsDefault>
                        <font>Dialog-PLAIN-10</font>
                        <title></title>
                        <titleFont>Dialog-PLAIN-10</titleFont>
                        <titleVisible>true</titleVisible>
                        <engineerFormat>false</engineerFormat>
                        <modifier>1.0</modifier>
                        <log>false</log>
                        <gridVisible>true</gridVisible>
                    </xAxis>
                    <yAxis>
                        <precision>0</precision>
                        <precisionIsDefault>true</precisionIsDefault>
                        <font>Dialog-PLAIN-10</font>
                        <title></title>
                        <titleFont>Dialog-PLAIN-10</titleFont>
                        <titleVisible>true</titleVisible>
                        <engineerFormat>false</engineerFormat>
                        <modifier>1.0</modifier>
                        <log>false</log>
                        <gridVisible>true</gridVisible>
                    </yAxis>
                    <chartColor/>
                    <notes/>
                    <lines>
                        <line/>
                    </lines>
                    <symbols>
                        <symbol/>
                    </symbols>
                    <attributes></attributes>
                </graph>
                <graph id="1376878605" allowOverlap="true" className="ca.ireq.sim.viewer.ViewGraph">
                    <type>Plot</type>
                    <header>
                        <visible>false</visible>
                        <text></text>
                        <font>Dialog-PLAIN-10</font>
                    </header>
                    <footer>
                        <visible>false</visible>
                        <text></text>
                        <font>Dialog-PLAIN-10</font>
                    </footer>
                    <legend>
                        <visible>true</visible>
                        <font>Dialog-PLAIN-10</font>
                    </legend>
                    <xAxis>
                        <precision>1</precision>
                        <precisionIsDefault>true</precisionIsDefault>
                        <font>Dialog-PLAIN-10</font>
                        <title></title>
                        <titleFont>Dialog-PLAIN-10</titleFont>
                        <titleVisible>true</titleVisible>
                        <engineerFormat>false</engineerFormat>
                        <modifier>1.0</modifier>
                        <log>false</log>
                        <gridVisible>true</gridVisible>
                    </xAxis>
                    <yAxis>
                        <precision>0</precision>
                        <precisionIsDefault>true</precisionIsDefault>
                        <font>Dialog-PLAIN-10</font>
                        <title></title>
                        <titleFont>Dialog-PLAIN-10</titleFont>
                        <titleVisible>true</titleVisible>
                        <engineerFormat>false</engineerFormat>
                        <modifier>1.0</modifier>
                        <log>false</log>
                        <gridVisible>true</gridVisible>
                    </yAxis>
                    <chartColor/>
                    <notes/>
                    <lines>
                        <line/>
                    </lines>
                    <symbols>
                        <symbol/>
                    </symbols>
                    <attributes></attributes>
                </graph>
                <graph id="764391843" allowOverlap="true" className="ca.ireq.sim.viewer.ViewGraph">
                    <type>Plot</type>
                    <header>
                        <visible>false</visible>
                        <text></text>
                        <font>Dialog-PLAIN-10</font>
                    </header>
                    <footer>
                        <visible>false</visible>
                        <text></text>
                        <font>Dialog-PLAIN-10</font>
                    </footer>
                    <legend>
                        <visible>true</visible>
                        <font>Dialog-PLAIN-10</font>
                    </legend>
                    <xAxis>
                        <precision>1</precision>
                        <precisionIsDefault>true</precisionIsDefault>
                        <font>Dialog-PLAIN-10</font>
                        <title></title>
                        <titleFont>Dialog-PLAIN-10</titleFont>
                        <titleVisible>true</titleVisible>
                        <engineerFormat>false</engineerFormat>
                        <modifier>1.0</modifier>
                        <log>false</log>
                        <gridVisible>true</gridVisible>
                    </xAxis>
                    <yAxis>
                        <precision>0</precision>
                        <precisionIsDefault>true</precisionIsDefault>
                        <font>Dialog-PLAIN-10</font>
                        <title></title>
                        <titleFont>Dialog-PLAIN-10</titleFont>
                        <titleVisible>true</titleVisible>
                        <engineerFormat>false</engineerFormat>
                        <modifier>1.0</modifier>
                        <log>false</log>
                        <gridVisible>true</gridVisible>
                    </yAxis>
                    <chartColor/>
                    <notes/>
                    <lines>
                        <line/>
                    </lines>
                    <symbols>
                        <symbol/>
                    </symbols>
                    <attributes></attributes>
                </graph>
                <graph id="426705820" allowOverlap="true" className="ca.ireq.sim.viewer.ViewGraph">
                    <type>Plot</type>
                    <header>
                        <visible>false</visible>
                        <text></text>
                        <font>Dialog-PLAIN-10</font>
                    </header>
                    <footer>
                        <visible>false</visible>
                        <text></text>
                        <font>Dialog-PLAIN-10</font>
                    </footer>
                    <legend>
                        <visible>true</visible>
                        <font>Dialog-PLAIN-10</font>
                    </legend>
                    <xAxis>
                        <precision>1</precision>
                        <precisionIsDefault>true</precisionIsDefault>
                        <font>Dialog-PLAIN-10</font>
                        <title></title>
                        <titleFont>Dialog-PLAIN-10</titleFont>
                        <titleVisible>true</titleVisible>
                        <engineerFormat>false</engineerFormat>
                        <modifier>1.0</modifier>
                        <log>false</log>
                        <gridVisible>true</gridVisible>
                    </xAxis>
                    <yAxis>
                        <precision>0</precision>
                        <precisionIsDefault>true</precisionIsDefault>
                        <font>Dialog-PLAIN-10</font>
                        <title></title>
                        <titleFont>Dialog-PLAIN-10</titleFont>
                        <titleVisible>true</titleVisible>
                        <engineerFormat>false</engineerFormat>
                        <modifier>1.0</modifier>
                        <log>false</log>
                        <gridVisible>true</gridVisible>
                    </yAxis>
                    <chartColor/>
                    <notes/>
                    <lines>
                        <line/>
                    </lines>
                    <symbols>
                        <symbol/>
                    </symbols>
                    <attributes></attributes>
                </graph>
            </graphs>
        </page>
    </pages>
    <theme>white</theme>
</template>
