<?xml version="1.0" encoding="UTF-8" standalone="yes"?>
<simulationSetting>
    <designSetting name="acq.powTimeoutDelay" value="1.0"/>
    <designSetting name="loadflow.decelerationFactor" value="1.0"/>
    <designSetting name="loadflow.displayPinPU" value="false"/>
    <designSetting name="loadflow.displayVinPU" value="false"/>
    <designSetting name="loadflow.frequency" value="60.0"/>
    <designSetting name="loadflow.maxIteration" value="60"/>
    <designSetting name="loadflow.pbase" value="100.0"/>
    <designSetting name="loadflow.steadyStateStart" value="false"/>
    <designSetting name="loadflow.tolerancePQ" value="5"/>
    <designSetting name="loadflow.useQminQmax" value="false"/>
    <designSetting name="mapping.procImbalanceRatio" value="0.25"/>
    <designSetting name="mapping.requestedProcs" value="0"/>
    <designSetting name="mapping.strategy" value="quality"/>
    <designSetting name="mapping.useBeta" value="false"/>
    <designSetting name="simulation.autoAddFtoIItoF" value="true"/>
    <designSetting name="simulation.autoAddTransceiver" value="true"/>
    <designSetting name="simulation.calculationStep" value="50e-6"/>
    <designSetting name="simulation.codeVersioning" value="true"/>
    <designSetting name="simulation.codeVersioningAutoClean" value="true"/>
    <designSetting name="simulation.iteration.activate" value="false"/>
    <designSetting name="simulation.iteration.enable_all_comp" value="true"/>
    <designSetting name="simulation.iteration.max" value="5"/>
    <designSetting name="simulation.logging" value="false"/>
    <designSetting name="simulation.numThreadCodeGen" value="-1"/>
    <designSetting name="simulation.performance" value="1"/>
    <designSetting name="simulation.preVNodePowerInputControls" value="false"/>
    <designSetting name="simulation.procLoadLevel" value="0.8"/>
    <designSetting name="simulation.rpcCallTimeout" value="45.0"/>
    <designSetting name="simulation.stepControlledByAcq" value="false"/>
    <designSetting name="simulation.taskMappingMode" value="2"/>
    <designSetting name="simulation.transceiverValidation" value="true"/>
    <designSetting name="simulation.updateMakefile" value="true"/>
    <designSetting name="simulation.useConfigProcFile" value="false"/>
    <designSetting name="simulation.useTaskGrouping" value="false"/>
    <designSetting name="snapshot.delay" value="0.0"/>
    <designSetting name="snapshot.filename" value="./snapshot"/>
</simulationSetting>
